Block_ID,Timestamp,Client_ID,Model_Update_Hash,ECDSA_Signature,Transaction_Type,Status
B0001,2025-09-08 17:18:54,HOSP05,65942dedd8abe9c2603dfbca335bf35c2ae41d786926752e7c10e2bf5950cd22,8fc41c4e108f9de6,Access_Request,Verified
B0002,2025-09-08 17:23:54,HOSP01,345a8d36fc4f66360793e24806237f76dbe7c30d7d6af6bbab3f8fd8ebedaa5e,a976fe100d5144f5,Access_Request,Rejected
B0003,2025-09-08 17:28:54,HOSP02,52ed8b0b011e87a2298c87d96e70a407689e195f57aa65cd6c3c33e1e2896bbe,43b2fd52c3761f78,Access_Request,Blocked
B0004,2025-09-08 17:33:54,HOSP03,1d1d97df2d2fb0ecd71660eb7d1ceac41115321282ef182ef370243b733d7338,a07c99b1b0cce301,Access_Request,Rejected
B0005,2025-09-08 17:38:54,HOSP01,fcdaba6b639b1aad85b6fff83865a035964e816ffc1fcafc9bb2562b0dd3a5ae,a0aae8919b063f45,Model_Update,Rejected
B0006,2025-09-08 17:43:54,HOSP02,e39d6d5dd7e01b7d614895eddd4bc392290d910f97699b11175a3ec67b1854f1,2d700ecb1b5c8631,Access_Request,Verified
B0007,2025-09-08 17:48:54,HOSP01,161bc6c4d643d644662d0eac9b1696ef65e9d0f4589406c4f119dde7357010b8,040927bac5234fdd,Access_Request,Blocked
B0008,2025-09-08 17:53:54,HOSP04,eccf436bfe0e4523d5bce9087855c698a940c7b4c32f7318e6b9c2b509a3686e,8c60d8dc1a2f834f,Model_Update,Verified
B0009,2025-09-08 17:58:54,HOSP03,3dc8e15b09bd0ce5f44d0475d47f74c8f1fad09919faddd68e1082eb5829db92,d8dd981212a29a8a,Model_Update,Verified
B0010,2025-09-08 18:03:54,HOSP01,a231c2e134d52bd6f79ab6781b79d5807ac7a3c17c3bf8e26e96b58c50de20ad,0439baf38faf24eb,Model_Update,Rejected
B0011,2025-09-08 18:08:54,HOSP01,63f432250b096df866fd0a7c75599305193ba81139e947b8e3a55de75412b7ce,cd942e4639451ee6,Model_Update,Blocked
B0012,2025-09-08 18:13:54,HOSP01,7a9e1cbee54377569618a9a754ba4a55e9878ec0ceffbd1050239e2b6d58e760,6a58d4ef250e6765,Model_Update,Rejected
B0013,2025-09-08 18:18:54,HOSP02,15471f0bf5f49bec2f25a8d60238e7f585b31ef9aa1616826c33810c42aaa7a2,123f79cbe9c823a3,Access_Request,Rejected
B0014,2025-09-08 18:23:54,HOSP03,5f7b9f51cdeff51586a85c08b8eccb1fedb0224ba8eb04146bf1532223d64b08,6fc3d896f6c53fcc,Access_Request,Verified
B0015,2025-09-08 18:28:54,HOSP02,004f57f8611eae13b3c0838fa7f9febed03985b3cc805960834375db03664319,54e1a983a1a72cb3,Model_Update,Verified
B0016,2025-09-08 18:33:54,HOSP01,8cf83f27086a2b0b50fcb901ea9a367e373fe91f77a3a34caa0c2bd741ca9046,61d909d2f9670f33,Model_Update,Granted
B0017,2025-09-08 18:38:54,HOSP03,5ad77baa83c7f8a53576fb39838970833c7e74a8dacea0223679ed7d76b3c219,f524dee17bb14d30,Model_Update,Verified
B0018,2025-09-08 18:43:54,HOSP01,e2430f534fb12736cde43c5510dd52fab8e9ee6e09338ee02fecc6cf14e9e43d,f7f2e03f95116165,Model_Update,Granted
B0019,2025-09-08 18:48:54,HOSP04,9da2df2aeefdd136f0c0910890e360277b5352ffec920a5a66cdcb4aae2b4d3f,7fde5fe552d94b9b,Access_Request,Verified
B0020,2025-09-08 18:53:54,HOSP03,ec973f956a8581850039d748df7f84a8120901247899d0101b4d82e85d789f4b,b88d969449e49726,Model_Update,Rejected
B0021,2025-09-08 18:58:54,HOSP01,205e1683096a1020e8242da3fd6331a17ff72dba70aeba53ae69f2026666ef44,364e3ef0a578dbc7,Access_Request,Blocked
B0022,2025-09-08 19:03:54,HOSP05,2346e1c633d05d79c68c359fb9fc437cc55718679f73d315e3360c157629105f,27bcdd900a0a4980,Model_Update,Blocked
B0023,2025-09-08 19:08:54,HOSP01,5329dcb739a52104da1384bd653bd7a16d4f475e1411abfb3c7f91c0d39de6a5,4bad1d97d9d2eb40,Model_Update,Rejected
B0024,2025-09-08 19:13:54,HOSP02,8ac90414d32ed41fa4f6aef411372e968e7de554b28742ac17d157ce9158df44,9e2906007da7b8f6,Model_Update,Blocked
B0025,2025-09-08 19:18:54,HOSP04,26118fabfc68fd88325a0d63a933c07a3dd7e9ca167ef0eb15221ad183580cc2,2aa35fe46a4f5658,Access_Request,Verified
B0026,2025-09-08 19:23:54,HOSP03,81ec3121b93ff6453dac36b050430b9f390782f6423319c700ecfbe1681dff55,a510a4a9c1c5c1cd,Model_Update,Blocked
B0027,2025-09-08 19:28:54,HOSP03,94f7910ddf131e590a33f2ee066f9fd158983aa2283859f3a77d60b5a79b1b92,5a6c579370cac0f3,Access_Request,Granted
B0028,2025-09-08 19:33:54,HOSP02,14b3f1f851cdcc5dc9d77b76ed0c508ecf2081188f30205cd538e2bfea6890aa,2fe7d51d2ac04ce6,Model_Update,Granted
B0029,2025-09-08 19:38:54,HOSP02,843f38c572e09fd935dbbeafd1ec949272849446112f39b4271ab9d83c91d11b,90d60f3d420b460e,Model_Update,Rejected
B0030,2025-09-08 19:43:54,HOSP04,6655acc169f753b6b7a7a51a99382dd8f4b99af9e4da46bf70289420f61d2bbb,0b930b8d8f299471,Access_Request,Rejected
B0031,2025-09-08 19:48:54,HOSP05,a7a66c3efadbf29dd2f37be837d614b1c0337f9ba2c6ad9f9e5de3f13fb42bb4,4b0037083da42d0c,Model_Update,Granted
B0032,2025-09-08 19:53:54,HOSP01,a794629ebb6a9438b90a58fdd6ec4209b870fc35de82cb15459edb6029413d3c,83719a664132169b,Model_Update,Verified
B0033,2025-09-08 19:58:54,HOSP03,a93ac2b6b68f0254dea25719e3bb4e1a008220be173600fc7c156971c7bb88b4,d724cc76f25e9775,Model_Update,Verified
B0034,2025-09-08 20:03:54,HOSP05,2d2d142c56ca7608077c7800718c2753857671dfcb419b420595fc647fe72a0e,50c8a076eb663bd5,Model_Update,Blocked
B0035,2025-09-08 20:08:54,HOSP05,176b3b470ddaaf4b1d92d41f336f6b332f085c37b414ab1fc229857e25d830c4,d7ef78d378c7ba1b,Access_Request,Blocked
B0036,2025-09-08 20:13:54,HOSP03,25aba775dfa32fc7e690f0a4373519d8e83e940fc18a040e765230027c00c290,9070191c44ad7383,Model_Update,Blocked
B0037,2025-09-08 20:18:54,HOSP03,7dc05910c17ebcb2de2084e39b0588dc53dea8966dbe20c7a314fd90c598250b,0f789e9e65f06ccc,Model_Update,Granted
B0038,2025-09-08 20:23:54,HOSP01,7a376bcd18e89253dbb0b4d52598e2af560137d750d977438e77634b3c835e49,2402b49215ee7c80,Access_Request,Rejected
B0039,2025-09-08 20:28:54,HOSP04,2ef39aca15818a1fb4fb51269dd4c36f4717baa5dd116a7d54e74dac77e71ecf,ecc402937f6c4414,Access_Request,Rejected
B0040,2025-09-08 20:33:54,HOSP02,33936c3485bccfffc8522cf84e2515e412a21811a819e2c6463ab32c72edf4d6,5de1efd1eaf403bd,Access_Request,Granted
B0041,2025-09-08 20:38:54,HOSP03,11f470594b66860c3ceda9ea2fb48ed60b031888be64b612d8acc82bd870e178,8315c1345b61a0df,Model_Update,Verified
B0042,2025-09-08 20:43:54,HOSP03,a54a7d77e4da5f04d32a6c3b851353f30079a9d667dcc5aebfcbf7652edbd332,795032e58cd9f860,Access_Request,Blocked
B0043,2025-09-08 20:48:54,HOSP03,936ede4ec12e70fe85da1882da7231e5ff150c5bf76864f3afdcb06dfebb65af,2ffc8c54b280eb28,Model_Update,Granted
B0044,2025-09-08 20:53:54,HOSP04,1e3b0ead38ef965ab6fcbd67670aeb9ad48b7666ce9b571ad7dfbc3e93c8bf83,22496d5e0922f8c7,Access_Request,Blocked
B0045,2025-09-08 20:58:54,HOSP04,22cc18513c481f66baec3d715006173988a4040dc9bfb305efea30c7babb34f5,a05ef2d91cc5e178,Model_Update,Verified
B0046,2025-09-08 21:03:54,HOSP04,32170faf46d9dab0bb8f0ff6fd8fa75e5c8d7103fcf95d4e718e86c9774e8a5e,0dbef87b519802c2,Access_Request,Verified
B0047,2025-09-08 21:08:54,HOSP03,5e139c72d2053d7f9c7f920e54340d876a324f2cf71ebbdf6bf2882195c27679,b620fc527e0491a8,Model_Update,Rejected
B0048,2025-09-08 21:13:54,HOSP04,a8f7ce55fb3e2aaf881ccf8dec305ea0345a748e93655a84a4c0f72598ef631d,37181f09959dd02c,Model_Update,Granted
B0049,2025-09-08 21:18:54,HOSP01,50e501ad661f0242c674839b402b85206874d42e7eb41a80e4372bc5d5d58bba,8d7a7e0dc2d0f0eb,Model_Update,Verified
B0050,2025-09-08 21:23:54,HOSP04,97b0debed0ba0b266c9241ee498b81aec5023ac91916db105e5c52ebcd2feb9d,180935b62eac83f7,Access_Request,Verified
B0051,2025-09-08 21:28:54,HOSP03,60fecba0351792150a8af65457dace0b02fc900a1b0249fc97e9db3d03fcde9b,195e0abec3f88f5e,Model_Update,Granted
B0052,2025-09-08 21:33:54,HOSP02,1ca0a378665ddaecbcf33a669aae738f561de0d5c56facb57a0d67ba708800de,b6813590b86541b5,Access_Request,Verified
B0053,2025-09-08 21:38:54,HOSP03,8352c6a7a861230fcdf1e7504bf0db4380d93ec49b05b7e35ea145c7331a6bc9,d78fb97aa5b60070,Access_Request,Verified
B0054,2025-09-08 21:43:54,HOSP03,c0d86eb804253e7397104cb28edf641f3fbf5a28025bc5b40389ed1ee34bdb04,10f94feb27969d92,Access_Request,Granted
B0055,2025-09-08 21:48:54,HOSP04,7151c6ad6f303f322f2fd52b1fcabbdf848c521512643cba3cbea7daf2222e73,eb9bff5ddab4015f,Model_Update,Verified
B0056,2025-09-08 21:53:54,HOSP04,e1c45f1cc90c6e1b57508ca18a79d94398fd008fca1f9da6a6f2bf336e849ac0,31655333ddc33b5a,Access_Request,Rejected
B0057,2025-09-08 21:58:54,HOSP03,43424e8c0e61f3e38b15493195e73a1d81b80e2ab52435eb9aa20707dcc4d87a,a159135c520a24d8,Access_Request,Granted
B0058,2025-09-08 22:03:54,HOSP05,33d33d8dc216baebdcff415437ab031dd4d527697b270a8f2259c15b3f9d70d0,006e36fc110f3759,Access_Request,Blocked
B0059,2025-09-08 22:08:54,HOSP05,10749fb8df3b58bc7ef03111ac4958fe3cb508ced41df2b6b38baf6b78615957,5985158838f959e5,Access_Request,Granted
B0060,2025-09-08 22:13:54,HOSP02,b6a349c85c01575e0b9429758a5cf46593763586269c3db40ac07f03328b2989,ade0f2e926c16721,Model_Update,Verified
B0061,2025-09-08 22:18:54,HOSP02,5cf33e760aa39e507a7f567575de8bb0017023c1af63239672cd2e085bb8e832,8e22f27c3cdbc90a,Access_Request,Verified
B0062,2025-09-08 22:23:54,HOSP02,b4244992a7917529b782f812391cd23622eb33b71b872c51549566a8c803c382,86927baf80450db3,Model_Update,Granted
B0063,2025-09-08 22:28:54,HOSP02,724179e5192b5db7c82141d9389e8d227d141d0ea186ec7a9ce6db1794e1aec9,d0a72368fd34cd23,Model_Update,Blocked
B0064,2025-09-08 22:33:54,HOSP01,08516038fede47d2a53f9b468902da6b357259d190b42b2743ccfeddd6426390,ad5dbc21ff957fe8,Model_Update,Granted
B0065,2025-09-08 22:38:54,HOSP02,fc9ff5ae012ddbf7dc1148b7b73c6b3f775a5b82a1224f81ab447a5c6920fc08,5dc125f155888262,Access_Request,Verified
B0066,2025-09-08 22:43:54,HOSP01,722ab44885e2cb25e9ece0bf01cf00f15bf33ef95911d7e632bc0c45c62cc4ad,bc8f310950f351e8,Model_Update,Verified
B0067,2025-09-08 22:48:54,HOSP04,a34c96ce9a924fc6e8bb93ea26f3e7b4d8c5bcc5681a4edd52318df7f84ec6bc,ecebe5d92ce83fe8,Model_Update,Rejected
B0068,2025-09-08 22:53:54,HOSP03,28024d8aacf87aa9f19c00228dfb131740cdd75a77f8687c0247c88d4ba9651f,15268f63bc798bb8,Access_Request,Granted
B0069,2025-09-08 22:58:54,HOSP01,696cf5868753cee67421c4a001c94dab7c81b4d0ea5424d0fdd60e7d1a3b8d94,23f5f1204b8b7790,Model_Update,Blocked
B0070,2025-09-08 23:03:54,HOSP02,1708e61e73a3a766f608111a9210410c56a1077863f7517490004a820f5cd5f1,e383e51a16d30e44,Access_Request,Blocked
B0071,2025-09-08 23:08:54,HOSP02,dbc4cb9a850ecc41c1ad87d14f31953a56de19930db460bb2a21a163b33716a2,56a3a890d4efaf6d,Access_Request,Granted
B0072,2025-09-08 23:13:54,HOSP02,9bc498373b55b319e693aca1d158bc848e3930f533d7e35e3a85aad7b1e47776,94978be7a7edaacd,Model_Update,Rejected
B0073,2025-09-08 23:18:54,HOSP03,8d8f6115d0d982aec2d075b4b85db58a416f4b107c3ad934d69206fc4a1e836b,e2d81a42b215761a,Model_Update,Rejected
B0074,2025-09-08 23:23:54,HOSP04,6a0c2546c237f4850bf1ca226cfa8205bd3ed5b749f10d28f7ab5cbb2a0db471,1a4d4de089ee8b2d,Model_Update,Verified
B0075,2025-09-08 23:28:54,HOSP04,3bdf5fd2f73080f3ad21dd5d21a6904c36eca046f8dddf0c877d72f1c4b7003f,1bad104f2d16923d,Access_Request,Rejected
B0076,2025-09-08 23:33:54,HOSP04,e605a5c68535f877eed5e24c32da15a037471ac4e3ceb6bd4dc08fe4bf5d96c2,3641279140c09c25,Model_Update,Rejected
B0077,2025-09-08 23:38:54,HOSP02,44f6dfe1639df32826a0890c6c6aab6684a27ecf5380915a67b22596d66c358a,aadd38ba109a8e88,Access_Request,Verified
B0078,2025-09-08 23:43:54,HOSP02,6a76798ed183b0ccacd17791f01ecf924046d54048733822d745fc76ce634226,d698a2b458229cdf,Access_Request,Rejected
B0079,2025-09-08 23:48:54,HOSP03,8f70d9f723758d7072462509d41765c33e9d54a414c3bb418c45f36c87cf1fc6,6afe7f98bccdbd9d,Access_Request,Verified
B0080,2025-09-08 23:53:54,HOSP01,1d1d3ef8e8ee73c4e609a5815fe8a3056d6154c9d680075d1755b23d70734ceb,8f5c1beb8fa9ea20,Access_Request,Blocked
B0081,2025-09-08 23:58:54,HOSP01,1b856d724ff775ccd6ea3b7db96d1a080ae24b21d22aad24817058ab0cf872a5,c1228c4037568dca,Model_Update,Blocked
B0082,2025-09-09 00:03:54,HOSP03,0120c44ff331d47af1bbbbcba5e07f799940ecb106af5aba40c9ef32243a881d,b907e321781b4eb6,Access_Request,Granted
B0083,2025-09-09 00:08:54,HOSP05,808841ceff5a0002149911c01b645e3801863b849f570ca25cd80fdf5c505193,d5a8d1e4207f16ba,Access_Request,Verified
B0084,2025-09-09 00:13:54,HOSP03,bd129662470af17c05df819857ff704bf170b7e1633918c827e11a59f06b3b97,a08566e05c0de8d8,Access_Request,Verified
B0085,2025-09-09 00:18:54,HOSP02,0303a49f6278fc80a72dc16a08c1ba85d179db453f303a55b4339e50bca0cb46,818e74e9d776233d,Model_Update,Rejected
B0086,2025-09-09 00:23:54,HOSP03,53f1ea586534ace3209b3a59a61d61413ba1246370931191e32cc3bc2e477935,487d6a0b9bc834b9,Access_Request,Rejected
B0087,2025-09-09 00:28:54,HOSP05,c868f14e16373197a608749c19f712df9a30aafcd29dd367cc52f8c734fb97b8,e827280a67d51754,Model_Update,Blocked
B0088,2025-09-09 00:33:54,HOSP04,99ea6691831b4bcd051a61b713b3acf8699d87fc4ace621070da0bd625905572,ba01f9cb8297c2df,Access_Request,Granted
B0089,2025-09-09 00:38:54,HOSP01,d5161310145f850877971daa12519d6ad044c6784d74677a87b010d456219b3e,c4b13a488f25d805,Model_Update,Blocked
B0090,2025-09-09 00:43:54,HOSP01,5de750acb0410ae77cdf0c3f7f2e81d8865d601cc7c25dd7074f649052e3b533,0d1669f28be2c1b6,Model_Update,Verified
B0091,2025-09-09 00:48:54,HOSP04,dd7ca3255298e078b13f7b3493b1df6cb0c2e2a87ba8962a1f577230167c5ddf,96e46fdb0aea1d73,Model_Update,Verified
B0092,2025-09-09 00:53:54,HOSP01,5778df746c283278cb950cd94a6c26bb0415640f2eecc8e9e95a189df0674774,81be0f679efb5d54,Access_Request,Rejected
B0093,2025-09-09 00:58:54,HOSP01,9b02c694576a2ab5f9b60a0ef7fc5e41eb5779f4c4ba1bd5affb310453ed1b96,087341145e7df222,Access_Request,Blocked
B0094,2025-09-09 01:03:54,HOSP01,7c8669d5fc4f9c14084c4bb8798949b146c5e01e731f8e7aeb8a5a08459b8993,ba0e15d165339090,Model_Update,Granted
B0095,2025-09-09 01:08:54,HOSP02,b65a0b2382f206e5f2af6388f8cbc3fbb31968d92c83dd122cab96275422974c,8e20c8b7317fbe4d,Access_Request,Blocked
B0096,2025-09-09 01:13:54,HOSP01,f16d02af02334bff17acd3e0780ca937a9fae754ebee0d730b94b8b038dae353,1aafaf7c5da7cf11,Access_Request,Granted
B0097,2025-09-09 01:18:54,HOSP03,80afa630ebaf5debfd8324db257afb94f7908ffef634ce60ab8d645ef4483b59,fb5d66688f505669,Access_Request,Granted
B0098,2025-09-09 01:23:54,HOSP03,0f045e2207d18457c180b68186c203c3155c66d5a83104d0958616a5ba4ecadf,c9980c00935deeac,Access_Request,Rejected
B0099,2025-09-09 01:28:54,HOSP05,b51ce9e06e32fbdd2ea5aac700b0a7cbb2c259f64c9a2c5e91713001d7b0451b,24d6131d33d9ad36,Model_Update,Verified
B0100,2025-09-09 01:33:54,HOSP04,53bc57733ae97eb39af4f6826ec60c22138a975eacae39c8ef082fd185312264,8e6989afe91f5f7c,Model_Update,Rejected
B0101,2025-09-09 01:38:54,HOSP04,e99f29f740ccefb8ffcd8883885d31cb9d2a289571a1a9c45066cdbf15a53ac1,c6e76efa8b9d70e1,Model_Update,Rejected
B0102,2025-09-09 01:43:54,HOSP01,4b56a511476a0e293a725de812962b431bfe68cb0586b91c8441f47289d7d2e4,bf059d65c6cd5989,Model_Update,Granted
B0103,2025-09-09 01:48:54,HOSP03,71535b2ed52fd98eb259b2700f084d07a1ebaf484966e0b4542035622820af73,a1f4516c432fd124,Access_Request,Blocked
B0104,2025-09-09 01:53:54,HOSP01,e67e2d6846c48c323c1df92ab647d9d0cc673343139481a72bf0804914806cc6,d24c10cdf93eaf1b,Model_Update,Verified
B0105,2025-09-09 01:58:54,HOSP01,1e03ced344dae86c5ea4b63772636c8bab46148b788d1b34f6f71327c9c0c16a,01efb723f1bc5bb5,Access_Request,Granted
B0106,2025-09-09 02:03:54,HOSP04,40316e56dfa073ec8f450ea37aa525160ce96fb3976b08315ee12b41ee5ae75a,b87e2c0dcbcda4f5,Model_Update,Blocked
B0107,2025-09-09 02:08:54,HOSP01,9a4b7e1734d2361aef7f0e56b1a3b42719456663f855eea90d031ed51d1da724,e065bee49200eccc,Model_Update,Rejected
B0108,2025-09-09 02:13:54,HOSP04,44f67724699fc172cf93b443d767dc8d0a1ae8de8d1519cf766b7e0b27b63bce,1d3b118f499229e7,Model_Update,Blocked
B0109,2025-09-09 02:18:54,HOSP01,1a3272f66a2db65807da2e2503c316af85b9d2b1290ad185ce7b30a64715180a,c8073c1ca79dabdf,Model_Update,Granted
B0110,2025-09-09 02:23:54,HOSP05,d316ceed2639c83f1d29444df8a3c493bb3f33ed2215c474db16f6c3dc95f29a,f987f1cdd9036fb7,Model_Update,Blocked
B0111,2025-09-09 02:28:54,HOSP02,0eae01c2fcb261d99c5e7ea51a752695625174e26677eac1db39ea3521508919,278582c2fa73e164,Access_Request,Rejected
B0112,2025-09-09 02:33:54,HOSP05,ec12f4f1015c690cf4299825df418278caeeab755d57c1686b87b3bbec2c0925,0e3d70975f832f81,Access_Request,Rejected
B0113,2025-09-09 02:38:54,HOSP02,e5a700802f598c3bada47ff553a605bb24c9fdcb88e60bdaeaccde569528c172,1184c98ba6d99cd6,Model_Update,Rejected
B0114,2025-09-09 02:43:54,HOSP02,da222e2d85c47af09756c0a589b5721eb9f82ab5069e59aecdf95edbe2c88db4,9dff7cb805ac8d81,Access_Request,Blocked
B0115,2025-09-09 02:48:54,HOSP02,fdf0dd76b6e564ab8741c442f4f9bba9e7a4767e8ce6d04086e14ed08134221b,6163e4bc9ef5c550,Access_Request,Granted
B0116,2025-09-09 02:53:54,HOSP03,732cb96ec6626d1e5a46eab78e98eda48580171e2da718e03de7efe4fe0079e8,624fc45668409062,Access_Request,Rejected
B0117,2025-09-09 02:58:54,HOSP05,3ee263dfb5099e80238cff9e8c9cd8c0fb967c9dbdaedbd9036e41cdf6df09c4,0e81bd7c6d20672b,Access_Request,Granted
B0118,2025-09-09 03:03:54,HOSP03,8ee05c3c3e05da1338ccc75e913e0355c21558bf1c8f2da0155bfa56bf18ab88,c2c7c8534ced4661,Access_Request,Granted
B0119,2025-09-09 03:08:54,HOSP01,32d54dcf2d52e8e34e1b32f227e89598f77faba94395a5224e2f98125e39d264,9f09bbf534096fa1,Model_Update,Blocked
B0120,2025-09-09 03:13:54,HOSP03,563de0a77acb365ddc662c6ee11e969cbbb3b861ecb58951fc49b485469b98e4,dcb86ad38e1783fc,Access_Request,Blocked
B0121,2025-09-09 03:18:54,HOSP03,de9cce87fcceab9e0858f3b782d3fa026d7b4de5a6bdfe2fe2e8a5f086abb3a5,937940e3ae09ae11,Access_Request,Granted
B0122,2025-09-09 03:23:54,HOSP01,b340ce7babfd20d14501ac6716e216dbf445d36968a1d2bab83742127e340c1c,8905f21ef2f112b3,Model_Update,Verified
B0123,2025-09-09 03:28:54,HOSP03,eba38676f6177b244b04dfb64c929e2d30e2d29a5d7bfef1369cdbf8683724a2,0b4a63f488d291c5,Model_Update,Rejected
B0124,2025-09-09 03:33:54,HOSP01,9c4f72e671a89a46963774103edf3f8813ac5c66579568ddedd72726afd8e16b,a419a8bb20f74a9e,Access_Request,Blocked
B0125,2025-09-09 03:38:54,HOSP01,61deb8c716b40d34581d0acccd7fe1a7e356598c0aa8c84ef509584c3a5e3d6d,6bfe5075f380443c,Access_Request,Verified
B0126,2025-09-09 03:43:54,HOSP01,5c9336dff415e7a00e88b312c6802e4600392ccc749c9e9af39f3f59578c11a2,9865f0bc2007054e,Access_Request,Blocked
B0127,2025-09-09 03:48:54,HOSP03,f87d573dd8a25126cc2485671fd7d926a8e8758beed3902cec5f12b0e1c1e65b,052dc68a11e061ae,Model_Update,Granted
B0128,2025-09-09 03:53:54,HOSP05,0bfa5edaee0005988970c3c5b8fa91570652060bda5be5593f5fc13e2a3c2961,81c2aa019853fbf8,Access_Request,Rejected
B0129,2025-09-09 03:58:54,HOSP03,eeb47ab917c55c43743ec30a492cd9246e1e4cec1b0ec7ab4f698bc216041ce6,c2cb6cc73aaacc99,Access_Request,Granted
B0130,2025-09-09 04:03:54,HOSP02,f20d1ca66f97e466bdc7bdf92bf223012c3cd80011e1dc2496be7ac73ea620a1,5995e2491fee37ff,Access_Request,Blocked
B0131,2025-09-09 04:08:54,HOSP02,5cdc3aa7f328ccc58f7e90732a8ac504a3f8e3241adcbc671e544cf4a230ed88,51b489565d57193d,Access_Request,Rejected
B0132,2025-09-09 04:13:54,HOSP05,ceefad5492866949a3969bf2a94c59cbb16e4d36e3441d4df7102fc50f9259c3,5f66a3d34b857f29,Model_Update,Blocked
B0133,2025-09-09 04:18:54,HOSP02,01aed5e6155c6d4f9b2083c75effc707e1b21b5fd10d5506242f28bd9698af45,5ea9b68fe34be304,Access_Request,Rejected
B0134,2025-09-09 04:23:54,HOSP03,0a571b19fe450566c98037190fcc05df2bce4c35e4b1fe2732a96bb592423dc0,4ec7e53d1e32fdee,Access_Request,Verified
B0135,2025-09-09 04:28:54,HOSP05,cf651b8a28a9e6eee3bb13499b224f19d3c4044eb0f914edb502115bacec6018,36a10cedf442f015,Access_Request,Granted
B0136,2025-09-09 04:33:54,HOSP05,9ea5ad5970dd1617ced9c8977ed80cf1d9ec0981070de9eec4c57cf37066d692,c157fac1704f640b,Model_Update,Granted
B0137,2025-09-09 04:38:54,HOSP04,e3eb9fb8082c89de62843076955c12678db2a9e5694260d87bb54212baa0b84f,3850efe91d9e060d,Access_Request,Rejected
B0138,2025-09-09 04:43:54,HOSP01,a0a799b42e676cc9fdcbad902b04592a28e8a4ab8395d43123ae94294758835a,0fb82f95c2c12d2c,Model_Update,Rejected
B0139,2025-09-09 04:48:54,HOSP02,1302cf2892b8798d78a112732583f615f08a48f521c837cf2a7644555e191ca2,ffa6a6efa8a51113,Model_Update,Verified
B0140,2025-09-09 04:53:54,HOSP05,2f78363ae992c2ad4fba96a5aed73682185776b6c79e518a0ab2c65bd1eacdb5,03f902d23496dbf2,Access_Request,Verified
B0141,2025-09-09 04:58:54,HOSP05,a8a58f02ff690800472572236d89a4a16c7ab49a8803a27a899001337c696f51,c94fe6c85b9f8b59,Model_Update,Granted
B0142,2025-09-09 05:03:54,HOSP04,129e315f2a549961b0bcd28d720aa221f1bf44f76a3cda9d7fda9a2769f4a657,cc57ab5447485459,Model_Update,Granted
B0143,2025-09-09 05:08:54,HOSP03,e4c1716afaf7594f460c83ae3c5e76606bf42d386e4e26d9b8cca49055a125af,9c1ccac9e01e8d04,Model_Update,Rejected
B0144,2025-09-09 05:13:54,HOSP04,650979e84f41fd07d67545e02ea199b5e2c81a75ae957147f76268014ab009cc,c3fa21722956edc5,Model_Update,Rejected
B0145,2025-09-09 05:18:54,HOSP04,522703f2e87633b0061c7184a1f4c7489ecf343bd5b78f91e771178ea65b9948,5ade6e5459bfea93,Model_Update,Verified
B0146,2025-09-09 05:23:54,HOSP04,ea5f0c911607a0dcd835cbc091262c7647181b3ad2f5f47e36ac7c066d3e4fb8,658531575459c7cf,Access_Request,Blocked
B0147,2025-09-09 05:28:54,HOSP03,3c7b69c1a4e56051d9287a3530ea6eadd1849c3f47d143cc7c83c4db4d99398c,89679cd32031a6f7,Access_Request,Granted
B0148,2025-09-09 05:33:54,HOSP01,c61c3c2ef09105be71dcf190381d348fd022d5df0c4a9fb910f7a09c77e8308c,e2cd8a25e1e0014c,Model_Update,Verified
B0149,2025-09-09 05:38:54,HOSP02,6d73ccece67dcb5e849064e35b562a48315c353c532aa716e62001412f2ee44f,070755522a11e7d6,Access_Request,Blocked
B0150,2025-09-09 05:43:54,HOSP01,be0583ceede97e9e97606bb8c0aa16167a84b9a893fd4146830e0f1432b86b81,d86d429d93d338df,Model_Update,Rejected
B0151,2025-09-09 05:48:54,HOSP05,6f65a99a1e9a4c901e0d6a493f1393df2dd242a609ab643f211b50fb186ece91,3527c42b7952c116,Access_Request,Granted
B0152,2025-09-09 05:53:54,HOSP02,7a3d8a64ecb56fb6a0b6e099a77a48007b2aa92fc8caeb0567083686261e455d,71a104457af3063c,Model_Update,Granted
B0153,2025-09-09 05:58:54,HOSP02,fa17a8493499d2a524d129baf41f6be8145d4c2c66c0d177e20a0e7b6123f1ee,c1990cc1dcf50e5d,Model_Update,Blocked
B0154,2025-09-09 06:03:54,HOSP01,16526fd9ed59181d09b601a515109fef28d9ee4fefcbc18209e007141ede14c0,2443e3e2e29ee7e5,Model_Update,Verified
B0155,2025-09-09 06:08:54,HOSP05,865b5bd52dc04bafc86a9728aa682e48132dcbc314fdde88ec7bab85a92d05a3,2fa47c08708140cc,Model_Update,Granted
B0156,2025-09-09 06:13:54,HOSP03,18379ff19c330e0700fef4d8ec4454dac4e9fb88ccb2ee8c07aa75b9c67728ec,8bf6313a4a1e026f,Model_Update,Rejected
B0157,2025-09-09 06:18:54,HOSP01,cd6a3cef81614ebb64787dd6eb96477541324530e5cefe054af56ec0e7ae5e9a,bb46a81d799569b9,Access_Request,Verified
B0158,2025-09-09 06:23:54,HOSP02,760e585186e829afec5384b1c5d646210482d17e3d610fa8f63039d35937cecf,0bf769268036fcc1,Model_Update,Verified
B0159,2025-09-09 06:28:54,HOSP04,627926ac6d3e7a6e6164ab36ed9a6161393016f69b04b1a28b52cc7b27ac4b67,e0ae20e54f43e3d0,Model_Update,Blocked
B0160,2025-09-09 06:33:54,HOSP03,feb6552d293837117de9aa1e6c02fe5d4b205603202249680d15c1041b2bac5a,0f88a25f94aa9e9c,Access_Request,Verified
B0161,2025-09-09 06:38:54,HOSP01,48d901a1a01f2ee61109704becb2088fd012a331fd8d2c665f497c6c45949348,b6b71dccd756792f,Model_Update,Rejected
B0162,2025-09-09 06:43:54,HOSP05,6ffdd0d1b4c6ca6568d9ee053c785300dee46a7e7042f95734fdc36d483889ba,37d928a674af0e21,Model_Update,Verified
B0163,2025-09-09 06:48:54,HOSP04,8c3580713e1bf86cb212c7fb186fe169f72534d663bc1649b462d79eccf71321,d770776cad30d900,Model_Update,Blocked
B0164,2025-09-09 06:53:54,HOSP05,a1e68d3df42eeca160e6b24ec6630061a64af296ccd1860f4128e1a671319a62,8d5aaad8a1ccbce5,Model_Update,Rejected
B0165,2025-09-09 06:58:54,HOSP05,0215fc88764bc62735b464fbf144ec0fbd31c5d976443b4a88132856043926e2,50378e86501d3dca,Access_Request,Verified
B0166,2025-09-09 07:03:54,HOSP04,2b1c4b6d712ba1a5f11ab9235f2fb5bbae0e6d13c35aadd01831c25edb44a223,3b9477daea96f231,Access_Request,Granted
B0167,2025-09-09 07:08:54,HOSP01,e9e72895d538b03b6d36fafe0f660769bab3b3f6a6dcefd1b65a71b5a96a1d67,6ad5c1b9244f5d6f,Access_Request,Verified
B0168,2025-09-09 07:13:54,HOSP03,0c8b7d9c4d51c0f835e531ed0efac889cba197060e9ef123bd10411b16ccd3d6,710abffcd4b55f96,Access_Request,Granted
B0169,2025-09-09 07:18:54,HOSP03,dc9f8186883a6ebbeb12235895579ea846179368a3fb8dd5ec1ef9fef3001d6b,3021a173dba95f1d,Access_Request,Granted
B0170,2025-09-09 07:23:54,HOSP02,ff1001ecc7be940ad4169696f131d0bc071631075b347de22b80bf79cafd5e61,e2685b87a143d705,Model_Update,Blocked
B0171,2025-09-09 07:28:54,HOSP03,48226c9f018e1eff6d9647b788dd50eacf8df78aa9a463de825db9292a0c5111,943baec0c53eb9d9,Access_Request,Granted
B0172,2025-09-09 07:33:54,HOSP01,5a692e32eb77f75c9012fac5ac478634cb440c66269ad7e40030d0d3bf2e925f,931f25699349c49f,Access_Request,Blocked
B0173,2025-09-09 07:38:54,HOSP03,9620c644b1460f5f9c331077ff759a4116709891e2c77612c9738ded63a69e77,d3ad51a906ee823d,Access_Request,Rejected
B0174,2025-09-09 07:43:54,HOSP03,9603f530fdb8535afce9626a3285fa31ce090a263237f757a55a1bcc6fa17c72,3fabd04773269297,Access_Request,Rejected
B0175,2025-09-09 07:48:54,HOSP04,49204c521b5d6459dd3089e5713bb6aa2e9f8a2430e27079add423a28e03a3d2,72e85530d53c7118,Access_Request,Blocked
B0176,2025-09-09 07:53:54,HOSP03,4577bcc9f1f00c25983ba9d891247b216780d282d42673f93c0b96f68c308834,973d4878a1656b57,Model_Update,Verified
B0177,2025-09-09 07:58:54,HOSP01,954a7acfd199f06b6cce2a8c6dd99268bc94660ae71ed0ae16abc4bb371488e2,55ce906f6798d6d1,Access_Request,Verified
B0178,2025-09-09 08:03:54,HOSP03,5d16ec5e4f04c762932a7861a7e61057c453ac5a056da67da65e2d7063302baf,5cefdc1d0d35d59b,Model_Update,Granted
B0179,2025-09-09 08:08:54,HOSP02,350d6df83a688d47ad5d531afcabf3097cd4a09eae94651cfcebd76674540bd6,75aef83f51c6426f,Model_Update,Verified
B0180,2025-09-09 08:13:54,HOSP02,8d88e0ab7f53207ae30033090e4e93492c44746a71f215c07eb31fd5be6f5014,afa62764de076d66,Access_Request,Rejected
B0181,2025-09-09 08:18:54,HOSP05,0e7bf1aa3e6ee87c2c758ab17ee326a3aecc43c531722d339c0349c855fd58e9,abdce198111e048b,Access_Request,Verified
B0182,2025-09-09 08:23:54,HOSP02,5e90b7da4012be4d175c4dcc7698c0d846d297c66c4c11fe2655f49388accdc2,ef2462be49c80783,Model_Update,Blocked
B0183,2025-09-09 08:28:54,HOSP05,ff3c409997b8f889c2ca89fc59e72c7bedda9c21a84b7a7167de390b63edb069,e5c7b1e259a7d918,Access_Request,Verified
B0184,2025-09-09 08:33:54,HOSP05,2826f6f5b1e39650c8037fe404494ea62989b0516bf4c38a701df2060b5cfc63,3178b95f51634b45,Access_Request,Verified
B0185,2025-09-09 08:38:54,HOSP05,a308b79d866cbaf0003038fa092efc167d7044df05b3194e6fc0b1207aee5e76,ca636288b5b227b0,Model_Update,Blocked
B0186,2025-09-09 08:43:54,HOSP02,ca119d97a169b2537d5881698bead89425a133451131b91b9a4c3bc9d7088292,d3d3afdc37383d53,Model_Update,Rejected
B0187,2025-09-09 08:48:54,HOSP05,e58928b40c6f638e145d25974d5abfb3d42a4fbb1e5018f01daa3086c74a1893,f5bd24b734c7c500,Model_Update,Granted
B0188,2025-09-09 08:53:54,HOSP01,59dfee1938e32e2ebeb9f94cb274b642d10407485526245ead788bd13545920f,c9b0687aeb840bfe,Model_Update,Rejected
B0189,2025-09-09 08:58:54,HOSP02,4209dbbcb11589bbd7cd1f25208127c9b53c224f7d8c4322ae958f4a400e0ed7,29ebf48d1c51e638,Model_Update,Rejected
B0190,2025-09-09 09:03:54,HOSP05,450df58313a0c837da2347fedd65b66c07a6e561098f3de12c2f34d3bef75e5c,09b3a3b0d58455e0,Model_Update,Verified
B0191,2025-09-09 09:08:54,HOSP01,5cee21259fdc30f6702c8bffd913f2e0088c4f7fcc761bdb2874fb47f3d87d51,64b5dec2ec4b3f73,Model_Update,Verified
B0192,2025-09-09 09:13:54,HOSP03,a6a9bee2d6bb0a184aa0d39766fa5c3ee85f8e7e2ae8bc295419709b7cf3fc08,2f30efdd3187af5f,Model_Update,Rejected
B0193,2025-09-09 09:18:54,HOSP05,20d57b1fbe8b6129d70a63b1dcdd1b2e339b168b0ae9005fd459c46e252ba029,9c7c04c7ae301331,Model_Update,Rejected
B0194,2025-09-09 09:23:54,HOSP02,981b6ed1b712f5edb247c1a6adc78799a2bb4ba756d32020f73c9aa565376110,6d82339191f9f7fc,Access_Request,Blocked
B0195,2025-09-09 09:28:54,HOSP01,61fd2590c5050e4ebf8765bb431639b5f1b5a4b75a680d10aaafb32bda245c28,60a6be355f53d7b2,Access_Request,Blocked
B0196,2025-09-09 09:33:54,HOSP01,2fc61c2eea2ecc57cbf4b2fc63d016f5dfe314b74d456fc9d3adac7b84adb3d2,8b76c8073e1a9e53,Access_Request,Blocked
B0197,2025-09-09 09:38:54,HOSP01,a280d5239db6bc4ecb051e822c56cda4962b753b0bbad9225541d4eacd3f931c,ea4fc1fc3e26b556,Model_Update,Verified
B0198,2025-09-09 09:43:54,HOSP01,38aa00abf05b3095c0d9a2c321cd4d1ba758e9edb8ecdff42e447746eba03a9d,16be0d64fac07f6e,Model_Update,Blocked
B0199,2025-09-09 09:48:54,HOSP03,d7c0fbd2b8c0845636293b23c54a16f91d0c5032d0f2d19930a38d7fed2fde44,dafc0a8d39238123,Access_Request,Verified
B0200,2025-09-09 09:53:54,HOSP05,a9e01893e898643433510ef6a90e8604c14335a2c60fb1df1f6a68caa92226cd,e1beb82701dba2ed,Model_Update,Rejected
